ID,start_pos,end_pos,repeat_numer,repeat_sequence
SUPER_1,2025,2920,177,CTAAC
SUPER_1,19960,21050,217,CCTAA
SUPER_1,12925815,12926835,201,GGTTA
SUPER_1,12933595,12935195,270,AGGTT
SUPER_1,12938930,12960495,4004,TTAGG
SUPER_Z,10,610,114,CCTAA
SUPER_Z,11938780,11941735,232,GTTAG
SUPER_Z,11958155,11962800,106,TTAGG
SUPER_Z,11966630,11969280,286,TTAGG
SUPER_Z,11981385,11984140,274,GTTAG
SUPER_Z,11993150,11995240,353,GGTTA
SUPER_Z,12001500,12003575,336,GGTTA
SUPER_Z,12009835,12011935,327,TAGGT
SUPER_2,5385,6705,262,TAACC
SUPER_2,11886780,11888985,133,GTTAG
SUPER_2,11890645,11891990,267,GTTAG
SUPER_2,11898755,11899945,187,TAGGT
SUPER_2,11900480,11904905,144,TTAGG
SUPER_2,11907710,11909670,126,AGGTT
SUPER_2,11912775,11916310,474,TTAGG
SUPER_3,1250,2440,218,ACCTA
SUPER_3,11685760,11690030,181,GGTTA
SUPER_3,11694140,11696670,249,TAGGT
SUPER_3,11701480,11709820,1079,AGGTT
SUPER_4,4300,6650,441,CTAAC
SUPER_4,11176010,11178295,432,AGGTT
SUPER_4,11181200,11183205,132,TAGGT
SUPER_4,11288545,11289700,229,TAGGT
SUPER_4,11333400,11336235,106,AGGTT
SUPER_4,11346080,11347235,229,GTTAG
SUPER_4,11369685,11370685,198,TAGGT
SUPER_4,11392760,11393650,175,GGTTA
SUPER_4,11396575,11402530,839,AGGTT
SUPER_4,11403830,11405315,164,TTAGG
SUPER_5,3725,5755,390,AACCT
SUPER_5,11340725,11343250,484,GGTTA
SUPER_6,10,10360,1922,AACCT
SUPER_6,17380,17925,106,CCTAA
SUPER_6,20655,21690,206,CCTAA
SUPER_6,32535,33890,269,TAACC
SUPER_6,48745,50020,254,ACCTA
SUPER_6,61515,63675,431,AACCT
SUPER_6,11050130,11051855,118,TTAGG
SUPER_6,11051875,11053705,132,AGGTT
SUPER_6,11065400,11067105,190,GTTAG
SUPER_6,11071040,11071635,118,GGTTA
SUPER_6,11078355,11079675,177,GGTTA
SUPER_7,3980,5970,383,AACCT
SUPER_7,13220,13945,142,CCTAA
SUPER_7,22290,23965,334,AACCT
SUPER_7,10978585,10979625,103,TAGGT
SUPER_7,10981710,10987165,941,TAGGT
SUPER_7,10990710,10994500,629,AGGTT
SUPER_8,285,3170,542,ACCTA
SUPER_8,17920,18470,109,ACCTA
SUPER_8,28440,30545,418,TAACC
SUPER_8,10971925,10972545,123,GGTTA
SUPER_8,10979890,10982805,519,TAGGT
SUPER_10,535,2705,390,ACCTA
SUPER_10,7335,9265,381,ACCTA
SUPER_10,21245,22560,261,CTAAC
SUPER_10,10884715,10887320,209,GTTAG
SUPER_11,10613410,10613985,114,AGGTT
SUPER_11,10634930,10636820,122,TAGGT
SUPER_11,10640545,10645245,277,AGGTT
SUPER_12,10,8150,1563,CTAAC
SUPER_12,10428435,10434085,273,GGTTA
SUPER_12,10437780,10451575,1953,TTAGG
SUPER_12,10458355,10460620,323,TTAGG
SUPER_12,10467325,10468595,188,TTAGG
SUPER_12,10475385,10477605,316,TAGGT
SUPER_13,10,2265,357,AACCT
SUPER_13,10405495,10406865,237,GTTAG
SUPER_13,10415365,10422465,1078,GGTTA
SUPER_14,10377790,10378940,198,GGTTA
SUPER_14,10397020,10398020,198,GTTAG
SUPER_14,10399800,10406525,820,GGTTA
SUPER_14,10413650,10414240,115,GGTTA
SUPER_15,2320,5825,471,ACCTA
SUPER_15,8255,9825,313,ACCTA
SUPER_15,27920,29985,409,TAACC
SUPER_15,10297985,10298925,187,GGTTA
SUPER_15,10310840,10311810,193,AGGTT
SUPER_15,10318565,10319635,160,GTTAG
SUPER_17,9878880,9879450,112,TAGGT
SUPER_17,9891160,9891750,108,AGGTT
SUPER_18,23950,24675,143,TAACC
SUPER_19,9210565,9212295,182,TTAGG
SUPER_20,2495,5860,563,TAACC
SUPER_20,6885,7705,160,TAACC
SUPER_21,1825,2525,131,ACCTA
SUPER_21,6640,7795,221,TAACC
SUPER_21,15360,16305,185,AACCT
SUPER_21,18500,20730,442,CTAAC
SUPER_21,21295,21970,134,AACCT
SUPER_21,29540,30525,196,CCTAA
SUPER_21,41105,48755,443,CTAAC
SUPER_22,7560335,7562245,140,GGTTA
SUPER_22,7573520,7576105,433,TAGGT
SUPER_22,7576125,7586380,1530,AGGTT
SUPER_23,5680,6880,238,CTAAC
SUPER_23,8095,8685,116,CTAAC
SUPER_23,5384465,5388820,692,GTTAG
SUPER_24,20,2690,505,AACCT
SUPER_W,2240,3240,196,CCTAA
scaffold_28_ctg1,5,5125,811,CCTAA
scaffold_28_ctg1,12140,13385,243,TAACC
scaffold_28_ctg1,15825,18545,530,CTAAC
scaffold_28_ctg1,19020,20410,119,CTAAC
scaffold_33_ctg1,5,3810,656,TAACC
scaffold_33_ctg1,4750,18670,2613,AACCT
scaffold_33_ctg1,25250,36145,2136,CCTAA
scaffold_36_ctg1,10,8190,1590,AACCT
scaffold_36_ctg1,14795,17120,334,CCTAA
scaffold_37_ctg1,3585,9035,353,TAGGT
scaffold_37_ctg1,12870,19215,618,AGGTT
scaffold_38_ctg1,20405,22040,297,TAGGT
scaffold_41_ctg1,5,11085,2074,AGGTT
scaffold_42_ctg1,2015,3965,384,CCTAA
