error_model	length	error	version	most_abundant	most_abundant_count	most_abundant_6nt	AACCCT_count	AACCCT_rank	total_units
mixed	600	0.0	exact	AACCCT	100000	AACCCT	100000	1	1
mixed	600	0.0	tolerant	AACCCT	100000	AACCCT	100000	1	1
mixed	600	0.001	exact	AACCCT	97912	AACCCT	97912	1	1
mixed	600	0.001	tolerant	AACCCT	99766	AACCCT	99766	1	3
mixed	600	0.01	exact	AACCCT	75652	AACCCT	75652	1	1
mixed	600	0.01	tolerant	AACCCT	98928	AACCCT	98928	1	4
mixed	600	0.015	exact	AACCCT	62710	AACCCT	62710	1	1
mixed	600	0.015	tolerant	AACCCT	98624	AACCCT	98624	1	4
mixed	600	0.02	exact	AACCCT	50090	AACCCT	50090	1	1
mixed	600	0.02	tolerant	AACCCT	98283	AACCCT	98283	1	4
mixed	600	0.05	exact	AACCCT	11134	AACCCT	11134	1	1
mixed	600	0.05	tolerant	AACCCT	95339	AACCCT	95339	1	4
mixed	600	0.1	exact	AACCCT	442	AACCCT	442	1	1
mixed	600	0.1	tolerant	AACCCT	77543	AACCCT	77543	1	4
mixed	12000	0.0	exact	AACCCT	2000000	AACCCT	2000000	1	1
mixed	12000	0.0	tolerant	AACCCT	2000000	AACCCT	2000000	1	1
mixed	12000	0.001	exact	AACCCT	1673659	AACCCT	1673659	1	1
mixed	12000	0.001	tolerant	AACCCT	1999282	AACCCT	1999282	1	3
mixed	12000	0.01	exact	AACCCT	27980	AACCCT	27980	1	1
mixed	12000	0.01	tolerant	AACCCT	1998680	AACCCT	1998680	1	3
mixed	12000	0.015	exact	AACCCT	1062	AACCCT	1062	1	1
mixed	12000	0.015	tolerant	AACCCT	1998366	AACCCT	1998366	1	3
mixed	12000	0.02	exact	AACCCT	130	AACCCT	130	1	1
mixed	12000	0.02	tolerant	AACCCT	1998128	AACCCT	1998128	1	3
mixed	12000	0.05	exact	N	0	N	0	NA	0
mixed	12000	0.05	tolerant	AACCCT	1991492	AACCCT	1991492	1	3
mixed	12000	0.1	exact	N	0	N	0	NA	0
mixed	12000	0.1	tolerant	AACCCT	1414537	AACCCT	1414537	1	1
mixed	30000	0.0	exact	AACCCT	5000000	AACCCT	5000000	1	1
mixed	30000	0.0	tolerant	AACCCT	5000000	AACCCT	5000000	1	1
mixed	30000	0.001	exact	AACCCT	4303130	AACCCT	4303130	1	1
mixed	30000	0.001	tolerant	AACCCT	4999143	AACCCT	4999143	1	3
mixed	30000	0.01	exact	AACCCT	78830	AACCCT	78830	1	1
mixed	30000	0.01	tolerant	AACCCT	4998716	AACCCT	4998716	1	3
mixed	30000	0.015	exact	AACCCT	4227	AACCCT	4227	1	1
mixed	30000	0.015	tolerant	AACCCT	4998329	AACCCT	4998329	1	3
mixed	30000	0.02	exact	N	0	N	0	NA	0
mixed	30000	0.02	tolerant	AACCCT	4997992	AACCCT	4997992	1	4
mixed	30000	0.05	exact	N	0	N	0	NA	0
mixed	30000	0.05	tolerant	AACCCT	4991202	AACCCT	4991202	1	3
mixed	30000	0.1	exact	N	0	N	0	NA	0
mixed	30000	0.1	tolerant	AACCCT	3711292	AACCCT	3711292	1	1
