length	error	version	most_abundant	most_abundant_count	most_abundant_6nt	AACCCT_count	AACCCT_rank	total_units
600	0.0	old	AACCCT	200	AACCCT	200	1	2
600	0.0	new	AACCCT	100000	AACCCT	100000	1	1
600	0.001	old	AACCCT	98	AACCCT	98	1	2
600	0.001	new	AACCCT	98122	AACCCT	98122	1	1
600	0.01	old	AACCCT	88	AACCCT	88	1	2
600	0.01	new	AACCCT	74806	AACCCT	74806	1	1
600	0.015	old	AACCCT	94	AACCCT	94	1	4
600	0.015	new	AACCCT	61894	AACCCT	61894	1	1
600	0.02	old	AACCC	111	AACCCT	58	3	4
600	0.02	new	AACCCT	49536	AACCCT	49536	1	1
600	0.05	old	AAGGT	110	AACCCT	50	6	9
600	0.05	new	AACCCT	10684	AACCCT	10684	1	1
600	0.1	old	AAACC	104	AACCCT	58	8	26
600	0.1	new	AACCCT	481	AACCCT	481	1	1
12000	0.0	old	AACCCT	4000	AACCCT	4000	1	2
12000	0.0	new	AACCCT	2000000	AACCCT	2000000	1	1
12000	0.001	old	AACCCTAACCCT	656	AACCCT	542	2	3
12000	0.001	new	AACCCT	1671668	AACCCT	1671668	1	1
12000	0.01	old	ACCCT	1998	AACCCT	450	6	7
12000	0.01	new	AACCCT	29316	AACCCT	29316	1	1
12000	0.015	old	AAGGT	1778	AACCCT	416	7	7
12000	0.015	new	AACCCT	2198	AACCCT	2198	1	1
12000	0.02	old	AACTT	2014	AACCCT	108	9	9
12000	0.02	new	AACCCT	108	AACCCT	108	1	1
12000	0.05	old	AAACC	1957	N	0	NA	17
12000	0.05	new	N	0	N	0	NA	0
12000	0.1	old	AAGGG	2034	N	0	NA	32
12000	0.1	new	N	0	N	0	NA	0
30000	0.0	old	AACCCT	10000	AACCCT	10000	1	2
30000	0.0	new	AACCCT	5000000	AACCCT	5000000	1	1
30000	0.001	old	AACCCT	1102	AACCCT	1102	1	2
30000	0.001	new	AACCCT	4292786	AACCCT	4292786	1	1
30000	0.01	old	ACCCC	5332	AACCCT	560	7	8
30000	0.01	new	AACCCT	71841	AACCCT	71841	1	1
30000	0.015	old	ACCCC	3142	AACCCT	410	8	8
30000	0.015	new	AACCCT	6047	AACCCT	6047	1	1
30000	0.02	old	AACCC	5138	AACCCT	416	8	8
30000	0.02	new	AACCCT	208	AACCCT	208	1	1
30000	0.05	old	ACCCG	4626	N	0	NA	24
30000	0.05	new	N	0	N	0	NA	0
30000	0.1	old	AAAGG	3895	N	0	NA	42
30000	0.1	new	N	0	N	0	NA	0
